avg_speed,max_speed,min_speed,accel_var,jerk_rms,distance_km,ev_Wh_per_km,peak_power_kW,idle_ratio,accel_ratio,decel_ratio,cruise_ratio,F_rr_mean,F_aero_mean,F_grade_mean,E_total_Wh,energy_efficiency,grade_mean,grade_std,traffic_density,road_type,temperature_C,weather,moving_avg_speed,moving_avg_accel,speed_std,accel_std,idle_ratio_window,stop_duration,accel_event_duration,total_resistance_mean,power_mean_kW,power_std_kW,battery_stress_proxy,eco_index_proxy,aggressiveness_index,comfort_index,domain,cycle_id
14.27177112448499,22.322236176509158,6.254760340779843,1.9942522121785018,1.233908610191219,8.563062674690995,294.4775764459745,102.72610599810963,0.0,0.455,0.4266666666666667,0.04833333333333333,220.53788041485114,83.16999226348322,18.431724311356042,2521.629943692466,0.7386161334876888,0.0012725849789678551,0.0412114125876717,0.3,hilly,16.428671086831237,clear,14.264665457080715,-0.00083558359832814,3.0248968774502547,1.412179950352823,0.0,0.0,273.0,322.1395969896904,15.129779662154794,20.41258297513819,1.0,0.0015201357326657435,0.13333333333333333,0.4476458864243339,hilly,hilly_000
14.472996149972971,22.231307895145605,5.0,1.9821515009308572,1.216625797011203,8.68379768998378,292.2120969474046,158.2894357852303,0.0,0.45,0.42833333333333334,0.04666666666666667,220.53788041485114,85.56488152639183,18.431724311356042,2537.5107327494006,0.7562138295596744,0.0012725849789678551,0.0412114125876717,0.3,hilly,20.609132521259568,cloudy,14.467507064713429,0.001766728289865698,3.081298060324227,1.40788902294565,0.0,0.0,270.0,324.53448625259904,15.225064396496402,20.713752702706316,1.0,0.001543865370586915,0.14333333333333334,0.45113613734368435,hilly,hilly_001
14.529048087131981,22.437813979418056,5.839387408400478,1.8336543465348472,1.1422617720949564,8.717428852279197,283.44091932442484,119.67397830257751,0.0,0.455,0.43,0.058333333333333334,220.53788041485114,86.23477315381895,18.431724311356042,2470.876048318722,0.7387930323809382,0.0012725849789678551,0.0412114125876717,0.3,hilly,19.79469597480433,clear,14.513872859034079,-0.0021671160088803814,3.095648763058127,1.3541249375647904,0.0,0.0,273.0,325.20437788002613,14.825256289912332,20.075332042569507,0.9966666666666667,0.0016468912192886735,0.13166666666666665,0.46679636122250456,hilly,hilly_002
14.28342102134184,24.608223487566345,5.3094660276073045,2.0034574514001346,1.2308882640624341,8.570052612805087,292.43929382880924,213.45190169804096,0.0,0.43666666666666665,0.445,0.05333333333333334,220.53788041485114,83.46599264442341,18.431724311356042,2506.2201344569007,0.7533354759725357,0.0012725849789678551,0.0412114125876717,0.3,hilly,21.426364757649445,cloudy,14.264929070740152,0.00013257426158411306,3.0943183712520255,1.4154354281987345,0.0,0.0,262.0,322.4355973706306,15.037320806741404,21.831403038854408,0.995,0.001532803398570558,0.14333333333333334,0.4482519434563728,hilly,hilly_003
14.237931807342205,21.783316040214796,5.223297761586796,1.8162255853353046,1.1596824951516507,8.542759084405327,275.4028384513162,115.76837420624017,0.0,0.41833333333333333,0.4483333333333333,0.065,220.53788041485114,82.98532520684711,18.431724311356042,2352.700100326397,0.7301972711897173,0.0012725849789678551,0.0412114125876717,0.3,hilly,16.252558786051814,cloudy,14.243468623760284,-0.0013378382913578765,3.105186596453922,1.3476741391505977,0.0,0.0,251.0,321.95492993305436,14.116200601958385,19.847309603717314,0.9983333333333333,0.001681286321809381,0.13666666666666666,0.4630310252756765,hilly,hilly_004
14.377207248711596,23.284378733318153,6.3882314094329615,1.9412216148999297,1.1963668682786641,8.626324349226957,291.8838765604874,119.999844574204,0.0,0.44166666666666665,0.445,0.06666666666666667,220.53788041485114,84.33950314085067,18.431724311356042,2517.884991812372,0.7319254176024711,0.0012725849789678551,0.0412114125876717,0.3,hilly,23.05681828866618,clear,14.37459092474693,0.00010413186752820275,3.0202917885331004,1.3932772928961161,0.0,0.0,265.0,323.3091078670579,15.10730995087423,20.567165130570643,0.9983333333333333,0.0015598578059439394,0.14166666666666666,0.45529734328205357,hilly,hilly_005
14.36243531761115,23.496936321230912,6.1367578468956445,2.0746982581622606,1.2707672159697234,8.617461190566695,297.57210981353717,98.29305498344142,0.0,0.45,0.44,0.05333333333333334,220.53788041485114,84.4493998966446,18.431724311356042,2564.3161080107793,0.7408656470808259,0.0012725849789678551,0.0412114125876717,0.3,hilly,20.341025804134233,clear,14.345174046239231,0.001497279709458544,3.134952983876484,1.440381289160013,0.0,0.0,270.0,323.4190046228518,15.385896648064675,20.453538764479518,0.9966666666666667,0.0014799095076769772,0.15333333333333332,0.4403797945325512,hilly,hilly_006
14.126223711841089,22.231004537113915,5.789468133833009,1.761652105138559,1.1392802374057838,8.475734227104656,270.34151849955146,95.39247671119203,0.0,0.42833333333333334,0.4166666666666667,0.07833333333333334,220.53788041485114,81.32431659355127,18.431724311356042,2291.3428616244364,0.7390100014730272,0.0012725849789678551,0.0412114125876717,0.3,hilly,24.733626645978177,cloudy,14.121852337171067,-0.0036144217849721997,2.9257716509398715,1.327272430640582,0.0,0.0,257.0,320.2939213197585,13.748057169746618,18.70513618840641,0.995,0.0017290978545612928,0.14166666666666666,0.4674469396364164,hilly,hilly_007
14.400617638241924,21.4985443989341,6.451656665050928,1.7953318020557019,1.1618743789123778,8.640370582945156,279.02277276419505,90.25498936176982,0.0,0.44333333333333336,0.42333333333333334,0.06666666666666667,220.53788041485114,84.33335277101386,18.431724311356042,2410.8601580425648,0.728140680278486,0.0012725849789678551,0.0412114125876717,0.3,hilly,21.22801091343599,clear,14.389240044936495,-0.0006669007206457029,2.903915200965383,1.339899922403051,0.0,0.0,266.0,323.3029574972211,14.465160948255388,19.551312552693204,1.0,0.0016577914492349323,0.13833333333333334,0.462561566830304,hilly,hilly_008
14.278152058918398,22.112420657764332,5.10724841705872,1.970956088603178,1.2085014364191817,8.566891235351036,288.83283528277235,132.96580980306018,0.0,0.43,0.4533333333333333,0.051666666666666666,220.53788041485114,83.34674502210734,18.431724311356042,2474.399485354405,0.7369520539866158,0.0012725849789678551,0.0412114125876717,0.3,hilly,23.237782751988682,cloudy,14.260358180372329,0.0009592749406843383,3.0692245445777333,1.4039074359099242,0.0,0.0,258.0,322.3163497483145,14.84639691212643,20.070149642872817,0.9966666666666667,0.0015676739815652272,0.145,0.45279572089451714,hilly,hilly_009
14.221883843649819,24.00574327760422,5.3937800200681885,2.273058880443951,1.3385116039092397,8.5331303061899,305.740941475782,118.22474255709382,0.0,0.445,0.4716666666666667,0.043333333333333335,220.53788041485114,82.64664613086325,18.431724311356042,2608.9272938557688,0.7323535456686391,0.0012725849789678551,0.0412114125876717,0.3,hilly,24.21680098471873,clear,14.224033952100232,-0.0030558947342792637,3.038456887931521,1.5076667007147007,0.0,0.0,267.0,321.61625085707044,15.653563763134613,21.66307477287246,1.0,0.0013986429873362046,0.155,0.4276224237366714,hilly,hilly_010
14.202809182614413,23.484140702007494,6.7116587316970655,1.9949105325058683,1.2233087441272,8.521685509568641,283.09401634958334,115.30333428938827,0.0,0.4533333333333333,0.43166666666666664,0.058333333333333334,220.53788041485114,82.2567144214889,18.431724311356042,2412.4381772549264,0.738234323570724,0.0012725849789678551,0.0412114125876717,0.3,hilly,24.60006512643062,clear,14.188233463521787,-0.00024322827097944346,2.9625275761858063,1.4124130176778562,0.0,0.0,272.0,321.2263191476961,14.474629063529559,19.269007947101418,0.9983333333333333,0.0015888011079755015,0.13166666666666665,0.4497800868374527,hilly,hilly_011
14.268097677837346,22.944039558525418,7.542449076571577,1.7904092774308242,1.1366383508949498,8.5608586067024,280.1597690951785,109.72181578883874,0.0,0.45,0.43,0.055,220.53788041485114,82.8932898035852,18.431724311356042,2398.4081707903756,0.7499722556767431,0.0012725849789678551,0.0412114125876717,0.3,hilly,21.66005685734777,clear,14.27087056004248,0.0015391507607207477,2.923483266998456,1.338061761441087,0.0,0.0,270.0,321.8628945297924,14.390449024742255,19.584623303588973,0.995,0.0016705643521635878,0.12333333333333334,0.46802492316078714,hilly,hilly_012
14.411664866238713,21.896711179855465,7.007866409503693,1.9571363566700173,1.205613359759846,8.646998919743226,286.5431587680979,148.37039626561244,0.0,0.43,0.4266666666666667,0.07333333333333333,220.53788041485114,84.7833798011056,18.431724311356042,2477.7383846140974,0.7539815575460795,0.0012725849789678551,0.0412114125876717,0.3,hilly,18.057651851702342,clear,14.404482150268088,0.0004790812597648886,3.0440194829764864,1.3989768964032312,0.0,0.0,258.0,323.7529845273128,14.866430307684585,20.704133563575958,0.9933333333333333,0.0015822699209156034,0.13333333333333333,0.4533886211629055,hilly,hilly_013
14.323501159810785,22.523836479907825,5.644614936123603,2.0179088410188823,1.2167501000357581,8.594100695886473,290.4614986371367,111.84538052789284,0.0,0.43833333333333335,0.44166666666666665,0.058333333333333334,220.53788041485114,83.89346094947528,18.431724311356042,2496.2553678561057,0.7293683980324367,0.0012725849789678551,0.0412114125876717,0.3,hilly,22.09286349533823,cloudy,14.314545265207645,-0.00032402932145322253,3.08579577812094,1.4205311826985292,0.0,0.0,263.0,322.86306567568255,14.977532207136635,20.371928366923804,0.9966666666666667,0.0015530830841720144,0.145,0.45111084013658964,hilly,hilly_014
14.362610991151888,23.13783904295908,5.497801057021933,2.067564320312944,1.2629584898583437,8.617566594691134,289.558642356895,112.66284161449758,0.0,0.445,0.43833333333333335,0.05,220.53788041485114,84.20609013459921,18.431724311356042,2495.2908838684543,0.7498035522188107,0.0012725849789678551,0.0412114125876717,0.3,hilly,16.685938588328167,clear,14.3350692934973,-0.0012672747834318416,3.0331914019897157,1.4379027506451694,0.0,0.0,267.0,323.17569486080646,14.971745303210724,19.942537249715485,0.9966666666666667,0.001526113663512706,0.14666666666666667,0.4418994004890465,hilly,hilly_015
14.211213559279773,23.186070744928724,5.6583795126258,1.9980852921744694,1.2107984502179387,8.526728135567867,283.59290257362704,114.8641763609652,0.0,0.4266666666666667,0.44666666666666666,0.07,220.53788041485114,82.81000134216822,18.431724311356042,2418.1195817054954,0.7405840481280248,0.0012725849789678551,0.0412114125876717,0.3,hilly,16.014607844441137,clear,14.208063298679216,-0.002502559653838507,3.1549387177096753,1.413536448831253,0.0,0.0,256.0,321.7796060683754,14.508717490232971,20.865383921889656,1.0,0.0015949809153250516,0.14666666666666667,0.45232526732657186,hilly,hilly_016
14.354397035937048,23.069474878306412,5.0,2.107445691144237,1.2602385905406703,8.612638221562227,290.1692374434815,117.52966654177479,0.0,0.435,0.4633333333333333,0.051666666666666666,220.53788041485114,84.028723731347,18.431724311356042,2499.1226654174634,0.7295059067260549,0.0012725849789678551,0.0412114125876717,0.3,hilly,15.894466409648215,clear,14.347787532390992,-0.0029354872003135874,2.997039639036904,1.4517044090117786,0.0,0.0,261.0,322.99832845755424,14.994735992504781,20.993711859279774,0.9983333333333333,0.0015247349170696325,0.15,0.44243116818954525,hilly,hilly_017
14.45923325961466,22.488148885986163,5.531751651374679,1.9312607529592463,1.1997319773514725,8.675539955768802,280.5509233446582,147.51435269783562,0.0,0.4083333333333333,0.4583333333333333,0.06166666666666667,220.53788041485114,85.35853746952796,18.431724311356042,2433.9307453849633,0.7436335447447997,0.0012725849789678551,0.0412114125876717,0.3,hilly,21.368060000609454,cloudy,14.444375825447082,-0.0005395252766730028,3.0601553586004844,1.3896980797854066,0.0,0.0,245.0,324.32814219573515,14.60358447230978,20.90780860117585,0.9966666666666667,0.0016203861760758344,0.14833333333333334,0.45460083787299527,hilly,hilly_018
14.274681379484624,22.725868726367555,5.0,1.9473877988029225,1.1990613458570039,8.564808827690783,282.58605410898895,115.06531331379884,0.0,0.45166666666666666,0.4483333333333333,0.06,220.53788041485114,83.30251722379536,18.431724311356042,2420.29553109756,0.7356938000076403,0.0012725849789678551,0.0412114125876717,0.3,hilly,21.842851858186176,clear,14.261159045089238,-0.0010042089154648152,3.0669296265412007,1.3954883728655436,0.0,0.0,271.0,322.2721219500026,14.52177318658536,20.27278871209537,0.9966666666666667,0.0016092070628406132,0.135,0.4547394741324447,hilly,hilly_019
6.778151599786348,13.88591813515363,0.0,0.9778243149330869,0.4360132540810123,4.066890959871807,176.175563972496,48.00211471986724,0.23666666666666666,0.31333333333333335,0.2733333333333333,0.10833333333333334,220.71492159848566,27.106256054576548,-2.962134740135072,716.4868086462368,0.898536494240071,-0.00020136876886161503,0.009555164259549803,0.8207710276191397,urban,23.94505891021562,clear,6.814882167747284,0.0145890167332205,4.839632226153057,0.9888499961738823,0.2326565143824027,142.0,188.0,244.8590429129272,4.298920851877421,7.25985998722295,0.7533333333333333,0.00395271845289226,0.07833333333333334,0.6963724026627858,urban,urban_000
5.92111266114382,13.88888888888889,0.0,0.7947320270167082,0.4266337206380068,3.5526675966862906,162.23997418939436,49.01621024901102,0.215,0.27166666666666667,0.30333333333333334,0.14,220.71508202025564,22.279719992226603,-0.30389663342542844,576.3846993521215,0.913902403348149,-2.072203346715452e-05,0.009480705785536395,0.6301506103619793,urban,27.306991444516267,cloudy,5.975842127262489,0.005754817353079701,4.685575160563072,0.8914774405539987,0.20964467005076143,129.0,163.0,242.69090537905683,3.458308196112729,6.757555539504762,0.7883333333333333,0.0043204565952689525,0.06833333333333333,0.7009507665028334,urban,urban_001
5.803942077560904,14.098847297437848,0.0,1.1214959177481048,0.4814848749694776,3.482365246536543,196.38666326309738,48.92006559010374,0.2966666666666667,0.2916666666666667,0.32,0.07666666666666666,220.71425278522568,22.079328220913006,-8.800251884093647,683.8900912270718,0.9056412065093419,-0.0005981492669100196,0.009851062443357789,0.7295919134806791,urban,20.101411050455262,clear,5.876111837414187,0.008081758646964149,4.77657200034806,1.0590070432948522,0.28849407783417935,178.0,175.0,233.99332912204505,4.10334054736243,8.008481337329778,0.7033333333333334,0.0034370890702556736,0.08,0.6749984538455734,urban,urban_002
6.040083387854018,14.041479635979115,0.0,1.241644719457635,0.5427232699437613,3.624050032712413,201.81034266339336,53.29649069627788,0.205,0.2783333333333333,0.315,0.155,220.71438042172593,23.125367102665585,5.7216219988381205,731.3707791327844,0.9152761161872057,0.00038892201509055385,0.009802696810179989,0.8016716168868546,urban,26.153871094571738,clear,5.998080834694803,0.011643813053036295,4.763990765723642,1.1142911286812056,0.20812182741116753,123.0,167.0,249.56136952322967,4.388224674796707,8.362176249614278,0.7966666666666666,0.0032119483270882866,0.095,0.6482043925068002,urban,urban_003
6.317026492336781,13.836840137187858,0.0,0.9993917260311513,0.501284971655723,3.79021589540207,172.9753362679666,47.95270166123658,0.22333333333333333,0.24833333333333332,0.315,0.14,220.71387473838075,24.129698421992593,-8.73769580585443,655.6138692083406,0.8904467931562368,-0.0005938964395288663,0.010023700064171769,0.6199723973696336,urban,22.08315762441693,cloudy,6.288366013132365,-0.009107431427027956,4.673702269276394,0.9996958167518515,0.22673434856175972,134.0,149.0,236.1058773545189,3.933683215250044,7.884232784540962,0.765,0.0038508152164112644,0.08,0.6660960569645411,urban,urban_004
5.820174027461635,13.810065232525687,0.0,0.9730951959486921,0.46524546978066733,3.492104416476981,188.15316642315665,46.910783003607996,0.3333333333333333,0.245,0.275,0.11,220.7147918580391,23.383201089898925,4.606565412023314,657.050503628587,0.9104339039450103,0.00031305558846572896,0.009613450616380095,0.803739152591691,urban,27.819635657903977,clear,5.862908435510636,0.008331128257891975,5.095448094297249,0.9864558763313704,0.33130287648054146,200.0,147.0,248.70455835996137,3.9423030217715223,7.487526922910915,0.665,0.0036272549433086373,0.085,0.6824795030075678,urban,urban_005
6.2164842022300455,13.88888888888889,0.0,0.7832933900133956,0.40201334149733486,3.7298905213380302,157.47686761595017,49.857415480375515,0.18833333333333332,0.285,0.2966666666666667,0.14833333333333334,220.71366270101765,22.258716986223217,-2.150975917780444,587.3714760082132,0.9158110461714617,-0.00014620767450841362,0.010135629597448891,0.6793963385803043,urban,26.347045767541438,clear,6.2373999881625695,0.013739701594446775,4.279692376581359,0.8850386375822219,0.18460236886632825,113.0,171.0,240.82140376946046,3.5242288560492794,6.512655750154306,0.8083333333333333,0.004529299986415934,0.058333333333333334,0.7132599743537469,urban,urban_006
4.687277707155834,14.069805091100795,0.0,0.739917540723903,0.43606478184607844,2.8123666242935004,190.26217156092605,48.93831006629114,0.3283333333333333,0.2916666666666667,0.265,0.07666666666666666,220.71380722157872,16.385331736292898,6.159451500727914,535.0869813538146,0.9407107072123292,0.0004186868243509199,0.010063053209662057,0.6185761524746596,urban,27.712050584970825,clear,4.644924347057375,0.01633905038034391,4.467636476626217,0.8601845968883092,0.32825719120135366,197.0,175.0,243.25859045859954,3.2105218881228876,5.925342148943042,0.67,0.0036599362356389497,0.058333333333333334,0.6963474159671877,urban,urban_007
6.452139583062393,13.88888888888889,0.0,0.7628444478578241,0.42589042098717067,3.871283749837435,156.1810609087329,47.58817916299475,0.255,0.25166666666666665,0.2916666666666667,0.15,220.71423769063904,25.44324324110523,-2.653508751645997,604.6212032845293,0.8955119991957148,-0.00018033607125341304,0.009874509928853838,0.7457014848504928,urban,25.742795740879163,clear,6.550395515799384,-0.0002221170502629389,4.845574823783975,0.8734096678293778,0.2436548223350254,153.0,151.0,243.50397218009826,3.6277272197071757,6.553791134001483,0.7433333333333333,0.004490404660380961,0.058333333333333334,0.7013161637678169,urban,urban_008
5.756783418472091,13.991679990748164,0.0,0.9194464061879247,0.48196808922088175,3.4540700510832556,181.36661394738556,47.867169966980434,0.2633333333333333,0.28833333333333333,0.3416666666666667,0.08166666666666667,220.7140376045383,21.4618019860702,-2.115357474761742,626.4529896834098,0.9177023371444194,-0.00014369578896492461,0.009966677064317643,0.886512187484053,urban,22.412958588240915,cloudy,5.802852770358572,0.006309710146305262,4.66696561437614,0.9588776805140083,0.2580372250423012,158.0,173.0,240.06048211584684,3.758717938100459,7.376540496017011,0.7383333333333333,0.0037205213653253044,0.075,0.6747783621479543,urban,urban_009
5.05401397347262,13.629569397423984,0.0,0.8236931140253702,0.4501119118751735,3.0324083840835705,176.60878245328072,46.476815987874744,0.225,0.30333333333333334,0.31833333333333336,0.12666666666666668,220.71528070833577,15.55099033239083,0.6079303678162883,535.5499527907286,0.94002041871017,4.13245845203779e-05,0.009385148452262087,0.8451490678312891,urban,27.142760724010373,clear,5.065323134823961,0.014093976235836018,3.7752081570923504,0.907575404043857,0.22081218274111675,135.0,182.0,236.87420140854286,3.213299716744372,6.251499938010035,0.7766666666666666,0.0039046866126355236,0.065,0.6896019485191848,urban,urban_010
4.962095005400311,13.764501899242571,0.0,0.8330767840159125,0.42354694097419077,2.9772570032401866,186.14967672988692,47.561427884192376,0.365,0.24166666666666667,0.24666666666666667,0.10666666666666667,220.71443102429384,18.804946121944752,7.9862458928568385,554.2154288811023,0.9269388681136178,0.0005428095154793951,0.00977188308437549,0.8630825703719882,urban,24.27205009216717,clear,4.965636707408236,0.00020942585633190288,4.8476588484781775,0.9127304005104204,0.3695431472081218,219.0,145.0,247.5056230390954,3.325292573286614,6.448045551602324,0.6316666666666667,0.0037736873951343093,0.07333333333333333,0.7024706886839007,urban,urban_011
6.819012037277646,13.88888888888889,0.0,1.036644120888726,0.4801962916878234,4.091407222366589,176.24640183592442,47.880125533136535,0.22166666666666668,0.2816666666666667,0.30666666666666664,0.11666666666666667,220.71411241973087,27.434939642799435,-6.364221899680003,721.0958015638716,0.8946953960223685,-0.0004324670123562742,0.009924085628792007,0.8034843456967748,urban,27.10685891484217,rainy,6.869420309657906,0.011214575156633754,4.869041079137685,1.018157218158731,0.21742808798646363,133.0,169.0,241.78483016285026,4.32657480938323,7.9602624567187075,0.7783333333333333,0.003833190726065638,0.09166666666666666,0.6755860730199033,urban,urban_012
6.011140988219066,13.694739692321852,0.0,1.0786171993553313,0.4903022763402118,3.6066845929314386,184.44997775604213,50.9385764166325,0.215,0.31333333333333335,0.3,0.12666666666666668,220.7136711191824,21.764330324075754,-1.4692298148753107,665.2528931237138,0.9129326829243399,-9.976452356756471e-05,0.010132590546244782,0.6971716276022594,urban,23.134435802401804,clear,6.084539884351974,0.0022745518681901175,4.422836494232046,1.0385649711767344,0.20913705583756345,129.0,188.0,241.00877162838287,3.991517358742283,7.397535638857785,0.785,0.003637868765266612,0.08,0.6710048128328271,urban,urban_013
6.679866828463769,13.925046262488248,0.0,1.129834281953746,0.4883421624649158,4.007920097078262,181.26347719771599,50.59459041517917,0.24666666666666667,0.27166666666666667,0.28,0.12666666666666668,220.71420523149675,26.715754800455937,1.2324743930550122,726.4895333082767,0.9034393624912087,8.372914292273781e-05,0.00989072577243998,0.6352944174773391,urban,27.48583018047801,clear,6.682962947704503,0.009469439229179673,4.872931239874639,1.062936631203265,0.24534686971235195,148.0,163.0,248.66243442500772,4.3589371998496595,8.555294225874155,0.7533333333333333,0.003706695478826257,0.08166666666666667,0.6718885114051002,urban,urban_014
5.407875504651866,13.88888888888889,0.0,0.7442039986228705,0.40595900303170207,3.244725302791117,161.13326806459375,45.60391050799188,0.265,0.25333333333333335,0.31666666666666665,0.1,220.71392452007072,18.95205988547192,7.2635750734855655,522.8331921717445,0.9115977611055734,0.0004938239122580161,0.010006693706411269,0.6163660642554494,urban,21.31045428029786,clear,5.394900502477583,-0.019931029914938756,4.387884724039766,0.8626725906291856,0.2614213197969543,159.0,152.0,246.9295594790282,3.1369991530304664,6.3557350182831485,0.7433333333333333,0.004414099590793111,0.043333333333333335,0.71125829262708,urban,urban_015
5.747703267828023,13.88888888888889,0.0,0.7021547636592248,0.3859471718619719,3.448621960696815,160.47098684975936,45.519074851785376,0.19833333333333333,0.31,0.3283333333333333,0.12833333333333333,220.7144935101295,20.241040091218533,-1.5353021440502985,553.403769465241,0.9225868690569516,-0.0001043762825942854,0.00975756843291228,0.7023277692548049,urban,23.922863034587493,cloudy,5.770414201524047,0.012156127252078677,4.331406199408121,0.8379467546683529,0.19475465313028764,119.0,186.0,239.42023145729772,3.3204226167914457,5.772930204959597,0.7966666666666666,0.004496315733471989,0.051666666666666666,0.7215282229383495,urban,urban_016
5.763165220334115,13.88888888888889,0.0,1.2025284906228657,0.5499402695554907,3.4578991322004686,210.8612792683978,47.5025293076907,0.3,0.305,0.30833333333333335,0.07166666666666667,220.71525148015363,21.847048997266164,-3.393317576854192,729.1370348077347,0.9122577946073316,-0.00023061450400526577,0.00939656948320706,0.6647752662652181,urban,26.442498881466783,clear,5.7122357888092035,0.001424184462317152,4.763706938604175,1.096598600501964,0.30456852791878175,180.0,183.0,239.1689829005656,4.374822208846409,8.155436769659651,0.7,0.0030597659053702704,0.09666666666666666,0.6451861530682026,urban,urban_017
6.274647724691076,13.89264481891349,0.0,1.018452277652677,0.4887420640532315,3.764788634814647,177.46642651208447,44.16836089458446,0.25333333333333335,0.2816666666666667,0.3,0.135,220.714774360041,24.507100022770135,-9.178840189155716,668.1235857713308,0.8987156471070712,-0.0006239247454913096,0.009606546458301089,0.7623693112241356,urban,20.56654334097739,clear,6.26860582686566,-0.0011497088328685998,4.831448000059989,1.0091839662086775,0.2571912013536379,152.0,169.0,236.04303419365542,4.008741514627984,7.280886957811851,0.745,0.0037849865118588935,0.08166666666666667,0.6717080306560371,urban,urban_018
6.507012719946209,14.101387000422289,0.0,0.9923593396666721,0.4901594815268573,3.9042076319677292,175.50112643070133,52.25074993424368,0.26166666666666666,0.2683333333333333,0.2916666666666667,0.12166666666666667,220.71370246051384,26.247739831468653,2.388919622451091,685.1928374051787,0.8938677789163203,0.00016239016023529912,0.010117531678046632,0.7138087647515612,urban,23.094210080278714,cloudy,6.512573091822348,-0.004307227707019749,4.982690714587931,0.9961723443594849,0.2656514382402707,157.0,161.0,249.3503619144336,4.111157024431072,7.655858061715748,0.7783333333333333,0.00382373108163807,0.075,0.6710691119955652,urban,urban_019
19.580395427700676,35.32177739769072,5.620294312456718,5.0543094161502315,1.87514017664656,11.748237256620397,422.3849154539572,328.2207237823329,0.0,0.44166666666666665,0.4633333333333333,0.06,220.68396140686534,165.50736906882435,-5.831472188329191,4962.278200793022,0.55235490901268,-0.0003966999643833081,0.019287505832748852,0.49263446466457084,suburban,25.168850947223344,cloudy,19.575572938196192,-0.00046989603081516165,6.335956265626942,2.248179133465621,0.0,0.0,265.0,380.35985828736057,29.773669204758132,46.114787471188095,0.9916666666666667,0.0008234411695791019,0.23666666666666666,0.3478091287939766,suburban,suburban_000
19.824890084267416,36.27520157387559,1.7776557705396598,5.7483230085726795,2.0958595802993667,11.894934050560444,459.707096980187,432.8208161980786,0.0,0.47833333333333333,0.445,0.035,220.67545950314565,169.56533160432,-3.53106333429219,5468.185601613625,0.5359271457887607,-0.0002394049608330397,0.021196695168851348,0.3914744714779717,suburban,19.608635043398824,clear,19.83855507592568,-0.004565081891010656,6.3948695478792885,2.3975660592719192,0.0,0.0,287.0,386.7097277731735,32.80911360968175,51.39289380566157,0.9983333333333333,0.0007026475519293806,0.25166666666666665,0.3230120662976907,suburban,suburban_001
19.908014400532238,33.2906783270691,4.291157005974913,4.234553043073949,1.771454358212718,11.944808640319353,384.28511271226944,258.09278302194923,0.0,0.44666666666666666,0.45,0.056666666666666664,220.68360192403023,170.06457050310885,-20.406349277767223,4590.212135055897,0.5319318126280562,-0.0013874586503726004,0.019325480682624727,0.3780436639686785,suburban,27.92547238598077,clear,19.908993311214935,-0.0024956965605890634,6.234512572234951,2.0578029650756045,0.0,0.0,268.0,370.34182314937175,27.541272810335382,39.92660948394295,0.9933333333333333,0.0009389418769186384,0.22333333333333333,0.36082138500194877,suburban,suburban_002
19.83444434366218,35.730476466283484,5.275577393702192,5.9188873424519555,2.0810815296932685,11.90066660619733,445.96977714031243,529.5764648811074,0.0,0.4533333333333333,0.44333333333333336,0.06,220.6811566084085,171.38662047199213,16.98041869789192,5307.337634632951,0.5838427642273633,0.0011538895448734324,0.01990713153608123,0.4601340187574234,suburban,21.400090385424676,clear,19.82466155300768,-0.001343851199139262,6.721320610901364,2.4328763516570167,0.0,0.0,272.0,409.04819577829255,31.84402580779771,50.066539476268254,0.9916666666666667,0.0007277653618886589,0.24833333333333332,0.32456135625192406,suburban,suburban_003
19.729816805576846,34.44304770457038,4.475344814109704,5.203594585880082,1.940773169909411,11.837890083346108,429.42527163242977,332.40300647407736,0.0,0.44,0.45166666666666666,0.07166666666666667,220.67578621869353,167.7236014191081,5.066951193273472,5083.489165025175,0.5762972040688223,0.00034450920795592814,0.021125109023810484,0.5843373583278464,suburban,21.344250463394907,clear,19.724963885138198,-0.0012284274206579898,6.319963032438688,2.281138879130353,0.0,0.0,264.0,393.46633883107506,30.50093499015105,47.11086685384443,0.995,0.0007918644998687145,0.24166666666666667,0.3400466279522009,suburban,suburban_004
19.80690494216355,35.14067239013572,5.291707231203587,5.107735139913237,1.9155218219164203,11.884142965298134,414.48345312584325,393.0923393107383,0.0,0.44,0.47833333333333333,0.041666666666666664,220.67771644287888,169.24861259057545,-10.270199915847565,4925.780614112452,0.5101523620736853,-0.0006979956719993683,0.020696261542163273,0.4714674921499946,suburban,25.777457924870284,clear,19.829731755140116,-0.004568397187064159,6.387225575516898,2.2600298980131295,0.0,0.0,264.0,379.6561291176068,29.554683684674714,45.37905046920259,0.9966666666666667,0.0008275162030811704,0.23333333333333334,0.3429917733706701,suburban,suburban_005
19.964080651742357,34.89513642502365,5.473126701676918,5.189194856910145,1.9861628316878737,11.978448391045411,444.9633255346016,373.2669047803221,0.0,0.46,0.455,0.041666666666666664,220.68023923043933,171.9832488129244,-7.350593609802407,5329.970231269128,0.5471869943540252,-0.000499567750189818,0.02014126587676869,0.324618473909444,suburban,21.127184390862396,clear,19.97124623985193,-0.0030115756931157448,6.445432427345895,2.2779804338295238,0.0,0.0,276.0,385.3128944335613,31.979821387614766,48.46704125250829,0.995,0.0007525966781988659,0.24166666666666667,0.33487792071766176,suburban,suburban_006
19.89100733085456,36.075415841946004,2.395507094539253,5.315807637681458,1.993162063428356,11.93460439851274,440.81422198976526,508.4290392110326,0.0,0.4483333333333333,0.4716666666666667,0.04,220.68095305496414,171.51119713059893,-0.9564587050559494,5260.943353126838,0.5785670606566908,-6.475172572111388e-05,0.019987125294260836,0.5448665946259024,suburban,18.66226463354085,clear,19.907496937777232,-0.0069379604700650615,6.5763176907334016,2.305603530028842,0.0,0.0,269.0,391.2356914805071,31.565660118761024,49.512653804398674,0.99,0.0007579039493471409,0.25,0.3340948397744304,suburban,suburban_007
20.030576053870305,37.653423759005136,5.439708131693662,4.404224137117009,1.801405434920751,12.018345632322168,413.98137416108506,256.2326076439055,0.0,0.44666666666666666,0.46,0.055,220.68259589812516,173.41367519174028,-22.053946374436947,4975.3712404255875,0.5097038385997552,-0.0015000755646743498,0.01955281936042315,0.563399178592407,suburban,21.46436061209502,clear,20.036591552029094,-0.006520076472923931,6.52262403470067,2.0986243439732157,0.0,0.0,268.0,372.0423247154285,29.852227442553527,44.114677711839036,0.9983333333333333,0.000862269910435262,0.245,0.3569636824197455,suburban,suburban_008
19.04541075068444,34.051722267375354,4.218779021132017,6.134600035991816,2.0891536393988352,11.427246450410669,458.150311867236,358.5551972078274,0.0,0.435,0.45,0.085,220.68065914762758,156.7427799064021,-16.505958528298997,5235.396525497564,0.619165840789587,-0.0011218255301305127,0.020021234734966573,0.5234024023665728,suburban,18.80747845450063,clear,19.034362894450638,0.003993193937386009,6.1951449233613545,2.476812474934632,0.0,0.0,261.0,360.91748052573075,31.412379152985384,49.77650376547275,1.0,0.0007065656251942712,0.24833333333333332,0.3237132615374239,suburban,suburban_009
19.46359501809931,35.890821701379075,5.591303792580568,5.67367833487596,2.0314289992050187,11.678157010859588,440.24788488187676,383.67057269697415,0.0,0.43666666666666665,0.45,0.065,220.67961539755518,164.14935395389077,8.114174061471044,5141.283923789641,0.5991407356582065,0.0005520542078875771,0.02027980392645077,0.4522683598061872,suburban,23.190365741042093,cloudy,19.431235778527473,-0.0015944768141598325,6.421021075575955,2.381948432455237,0.0,0.0,262.0,392.94314341291704,30.84770354273785,49.035678081910575,0.99,0.0007492992899200488,0.24333333333333335,0.3298774275307937,suburban,suburban_010
19.726437828863393,33.90340218389949,6.40834405990597,4.682901976653133,1.887730395239382,11.835862697318039,407.6682619890111,346.43028274826304,0.0,0.45166666666666666,0.455,0.06,220.6794494246528,166.82196730990617,-1.1838770399514427,4825.105575363882,0.5640804853051642,-8.00239479323378e-05,0.02032500027302313,0.3808630644528155,suburban,24.500861459419276,clear,19.731253970396427,-0.008116112752581601,6.145564024531387,2.164001380926808,0.0,0.0,271.0,386.3175396946075,28.950633452183293,43.209652352951295,0.9966666666666667,0.0008494473269550392,0.245,0.3462927154309721,suburban,suburban_011
19.985558372435932,34.32396096658353,5.14584692735764,5.281103627517878,2.0074792965538646,11.991335023461554,454.614601428733,346.38914920400293,0.0,0.465,0.47333333333333333,0.035,220.67992266189302,171.7649059913436,-14.961375611666638,5451.4359927439955,0.5551762925649508,-0.001017488017574311,0.02019412599959126,0.4839093975605876,suburban,27.89671927520085,cloudy,19.988384307524033,0.0007926093837928079,6.334574091507818,2.2980651921818662,0.0,0.0,279.0,377.48345304156993,32.70861595646397,49.364427913671214,1.0,0.0007313983449558167,0.2733333333333333,0.3325043670777236,suburban,suburban_012
19.549845568462388,35.352604459054945,2.635292789160694,5.719508971104438,2.0376262258400986,11.729907341077437,456.9034494095228,407.84127828554296,0.0,0.43833333333333335,0.45166666666666666,0.06833333333333333,220.6817188317735,165.34232075819662,22.979336377669807,5359.435125849269,0.6019659538310635,0.0015622692358741046,0.01975013281657622,0.43106216992808355,suburban,26.20416239862425,clear,19.542620793647846,-0.005201770208080634,6.396671295754905,2.391549491669457,0.0,0.0,263.0,409.0033759676399,32.15661075509561,50.026225625295496,0.995,0.000720512018583884,0.24666666666666667,0.3292044266319948,suburban,suburban_013
19.79527020005862,35.5352359512534,5.2135090258410965,5.138762787978217,1.9455653825660508,11.877162120035162,442.68238010077584,358.16990988283646,0.0,0.4633333333333333,0.45166666666666666,0.05333333333333334,220.67750581667758,169.45252975511426,-7.106522471915262,5257.810396582625,0.5551687272123791,-0.0004831584952180719,0.0207487591491597,0.3494846586534046,suburban,27.844173064260062,clear,19.79618301012807,-0.0026460562475329294,6.463686193384366,2.2668839379152645,0.0,0.0,278.0,383.0235130998766,31.54686237949575,47.128644432131864,0.9933333333333333,0.0007669006335088442,0.24666666666666667,0.33949339774248793,suburban,suburban_014
19.821801516227442,37.197287208940644,4.628131823744306,4.75190845793492,1.888025244335985,11.893080909736472,416.5738529376182,303.9359796638765,0.0,0.445,0.44333333333333336,0.07666666666666666,220.68068350171308,167.73341942627997,-3.9478997878847797,4954.34653828433,0.5629633708934355,-0.00026901454566150083,0.020046704541123752,0.4270570258088844,suburban,19.883680616604643,clear,19.82874709105226,-0.0009939806306708103,6.027347095934381,2.17988725807894,0.0,0.0,267.0,384.4662031401083,29.726079229705977,43.8713326110636,0.995,0.0008312028196080006,0.22833333333333333,0.3462573611367168,suburban,suburban_015
19.386451566278865,34.888715816163504,4.709965242058582,5.776294105814727,2.0668575772650413,11.631870939767323,431.1585170116018,455.8762669339106,0.0,0.44333333333333336,0.46,0.06333333333333334,220.68245962180964,163.0346952468836,6.588608226217345,5015.180224891585,0.575003924512864,0.000447664296949448,0.01963724326573724,0.5555490001454211,suburban,23.933123627268834,clear,19.389900089834374,-0.0021899286684462812,6.4322707804820585,2.4033922080706525,0.0,0.0,266.0,390.30576309491056,30.09108134934951,46.25934062522344,0.9933333333333333,0.0007562570258507426,0.26166666666666666,0.3260666577454108,suburban,suburban_016
19.16383884167974,34.16941896251244,4.831656364133236,5.969264290354436,2.043166803798211,11.498303305007825,451.82141987901986,510.69084345527494,0.0,0.43666666666666665,0.435,0.10166666666666667,220.6855935624158,159.64810321016694,-12.472838156730305,5195.179725920084,0.5687946515442603,-0.0008480685917937514,0.018885800854401703,0.4167156762181337,suburban,21.287392191821997,clear,19.14242397181853,-0.003653175500174006,6.425694113384375,2.443207786978921,0.0,0.0,262.0,367.8608586158524,31.171078355520507,50.418548037724165,0.9866666666666667,0.000727289681732995,0.24833333333333332,0.3286050566639623,suburban,suburban_017
19.50118849559756,33.93877731702946,4.977176369714199,5.808734517684855,2.0643195151550016,11.700713097358546,453.4932382658732,373.154702722845,0.0,0.4483333333333333,0.44666666666666666,0.07,220.68306366447567,164.99242068274117,-10.307527620416256,5306.194272994536,0.5578204361750412,-0.0007006940495883063,0.01948966097202009,0.3242838177408794,suburban,20.61122576150133,clear,19.49253606158706,-0.007174440304209738,6.474728744620026,2.41013163907801,0.0,0.0,269.0,375.36795672680057,31.837165637967214,50.06843281543574,0.9933333333333333,0.0007196065985518421,0.25666666666666665,0.3263367266547651,suburban,suburban_018
19.700446917963053,36.39880401239523,5.457300796237053,5.280853252181726,2.0106252089707826,11.820268150777844,452.66321687885215,321.9259639650373,0.0,0.4533333333333333,0.45,0.056666666666666664,220.68646242701033,167.19733467165207,17.795110646931164,5350.600605954403,0.5993876982842254,0.001209938049836385,0.018654727891151756,0.5961165123274621,suburban,18.61517301477938,clear,19.687800980088035,-0.0025817035772294815,6.3050193825814,2.298010716289575,0.0,0.0,272.0,405.67890774559356,32.10360363572642,47.76782813147681,0.9966666666666667,0.0007337837684073057,0.2633333333333333,0.33215692110073763,suburban,suburban_019
1.0195185241105345,5.3621869863438265,0.0,0.17948556210769112,0.29327405581978827,0.611711114466321,123.25812665517932,8.644993547521285,0.5883333333333334,0.205,0.23,0.10333333333333333,220.72211542054495,1.1501075852291345,-0.1068236811975214,75.39836614652882,0.9946082442064589,-7.265782420689294e-06,0.005112598149788869,0.8598608925522442,congested,22.9952549601387,clear,1.0161187832017105,-0.0029273477654373267,1.379756221006415,0.42365736404279714,0.588663282571912,353.0,123.0,221.76539932457663,0.45239019687917287,1.1820205033933127,0.6283333333333333,0.0062732684398367,0.0033333333333333335,0.7732313158993313,congested,congested_000
0.7977652100999246,4.894985757095105,0.0,0.1836044554729365,0.3056992628302431,0.4786591260599548,126.0096261076209,10.147897918960389,0.6283333333333333,0.20666666666666667,0.22833333333333333,0.075,220.7222939765773,0.8094789909270521,-3.0151370512206563,60.31565763382512,0.9961758164465898,-0.0002049041652705176,0.004947598929714037,0.8119853628737951,congested,25.459491983684806,rainy,0.7922492012031666,-0.0022435044210822107,1.1979321523154094,0.428490904772711,0.6311336717428088,377.0,124.0,218.5166359162837,0.3618939458029507,1.0812321517563575,0.5733333333333334,0.0060778939515021375,0.005,0.765873144350555,congested,congested_001
1.2762703934829762,5.700370770902646,0.0,0.20206618630182271,0.3046382528275932,0.7657622360897859,121.01044815284999,6.03222781471664,0.505,0.24333333333333335,0.23166666666666666,0.09,220.72245991086567,1.5003332825214366,-1.94049806646328,92.66523148876395,0.9928606575510066,-0.00013187249983991818,0.004795786700490914,0.8099466670982448,congested,27.823544633727508,cloudy,1.2673499915305588,-0.005932954065515435,1.4867793260881352,0.44951772634883125,0.5054145516074451,303.0,146.0,220.2822951269238,0.5559913889325837,1.163184414464132,0.6766666666666666,0.006334130729896842,0.0,0.7664959982835556,congested,congested_002
0.7879443986108984,5.0213393526930545,0.0,0.14450276214846808,0.274280546854571,0.4727666391665389,111.58076836213071,7.665532095319612,0.655,0.19666666666666666,0.205,0.12,220.7220198877866,0.8085457333408208,-1.3311524572471773,52.75166496576538,0.9961723994889299,-9.046101436171567e-05,0.005195811101641007,0.8889085595894107,congested,26.840153427933622,cloudy,0.7773200124909375,-0.0035194864838583584,1.2034226914725947,0.38013518930568385,0.6568527918781727,393.0,118.0,220.19941316388022,0.3165099897945922,0.9317404828282642,0.6033333333333334,0.007033080673851869,0.0016666666666666668,0.7847565455412436,congested,congested_003
0.7039780103038256,4.581244111452182,0.0,0.11846971510706861,0.24301250054627258,0.42238680618229524,114.05502181900607,8.59231792511129,0.6566666666666666,0.20166666666666666,0.19833333333333333,0.09833333333333333,220.7221016113154,0.6580791583109208,1.8581179655835403,48.175336509237,0.9969784852673148,0.0001262769710673276,0.005123276525013136,0.8121807312882283,congested,31.017333514219786,cloudy,0.6961504790891417,-0.0032025401259536046,1.090160968146469,0.3441942984813499,0.6604060913705584,394.0,121.0,223.23829873520987,0.28905201905542194,0.8153148974121964,0.5733333333333334,0.007053588047443889,0.0016666666666666668,0.8044971386534931,congested,congested_004
1.2476457164841854,4.818657348215595,0.0,0.22295741291929141,0.3283963949726845,0.748587429890511,121.27029672580355,7.232303994077372,0.495,0.2633333333333333,0.2633333333333333,0.12,220.72219081346842,1.3794437036110057,-1.04399117701367,90.78141986929921,0.9936584504868059,-7.095877165210404e-05,0.005044873632610813,0.8511106944441231,congested,31.5571013757149,clear,1.244470657100029,-0.0037331656954862633,1.404777747391779,0.4721836643926719,0.49678510998307956,297.0,158.0,221.0576433400658,0.5446885192157953,1.2083917700372924,0.6933333333333334,0.006207516340591991,0.008333333333333333,0.7527873485538651,congested,congested_005
1.1139195096528653,5.35112991220822,0.0,0.1876800280273242,0.29697204176640846,0.6683517057917184,122.41695687034961,7.406278732909033,0.5183333333333333,0.23166666666666666,0.25333333333333335,0.10333333333333333,220.72218723588293,1.1970796958818728,-1.3954180881480567,81.81758206454634,0.9945218614560561,-9.483314889770091e-05,0.005047679062842841,0.9403875968469007,congested,27.47101380287258,cloudy,1.1144923877744508,-0.0028202945514235905,1.350011489564838,0.4332205304776358,0.5189509306260576,311.0,139.0,220.52384884361672,0.49090549238727804,1.161788216687623,0.6883333333333334,0.006298364729468036,0.005,0.7710266434410198,congested,congested_006
0.9912317868972261,4.826203254615518,0.0,0.20213027716603635,0.3202856536615179,0.5947390721383355,130.45335742760346,8.526238340400145,0.5666666666666667,0.22333333333333333,0.23833333333333334,0.09333333333333334,220.72214193033219,1.029968129181155,-2.6755022237772055,77.58570888427688,0.9952682010753139,-0.0001818284478322327,0.005085813744088815,0.8507143997082627,congested,22.519181099802616,rainy,0.9894759491734997,-0.002463544093760068,1.2857549704859348,0.44958900916952627,0.5693739424703892,340.0,134.0,219.07660783573616,0.46551425330566126,1.2082124145941489,0.6583333333333333,0.005805997372073029,0.005,0.7574118504027693,congested,congested_007
1.1379692631407494,5.423281369252141,0.0,0.18458007217936714,0.2931967700549158,0.6827815578844498,126.86209416520225,6.848324129209452,0.5416666666666666,0.225,0.22833333333333333,0.09833333333333333,220.72250744445793,1.2965243987509287,4.3797418747254095,86.61909841746265,0.9943452516136413,0.00029764367274071074,0.004743165016385115,0.9683644659432478,congested,22.50327796504259,rainy,1.100548896031706,0.0010529084957934753,1.4222708500275312,0.42962782984737746,0.5499153976311336,325.0,135.0,226.39877371793423,0.5197145905047759,1.1269109353656217,0.6583333333333333,0.006095418271925587,0.0,0.7732775267893183,congested,congested_008
0.7948285594126379,4.426261683881941,0.0,0.14297687739067433,0.2669156436807764,0.4768971356475825,119.62751324177145,5.198080306900683,0.645,0.21333333333333335,0.21666666666666667,0.09,220.7225518304161,0.7865376480516019,-0.7677581042607251,57.05001852927157,0.9963768423041333,-5.218024059670978e-05,0.004709720463034066,0.9007220742803089,congested,22.759646798909486,clear,0.7778852427954536,0.00018505059301127311,1.1751642604243213,0.3781228337335294,0.6504230118443316,387.0,128.0,220.74133137420696,0.3423001111756294,0.878141394472744,0.6066666666666667,0.006598135443408259,0.0,0.789318535127323,congested,congested_009
0.9176763778669308,4.605893639812219,0.0,0.1526379855223998,0.28471785672187755,0.5506058267201582,114.80031556512144,8.42191901648919,0.5933333333333334,0.205,0.21166666666666667,0.11333333333333333,220.72231406342897,0.9621378268515106,-3.1598065134017,63.20972277426905,0.99552160129192,-0.00021474406298541132,0.004928757927720154,0.8653398227598411,congested,31.018355089468212,clear,0.9026958319355267,-0.005124124325440504,1.2727912025666441,0.39068911620673513,0.5993231810490693,356.0,123.0,218.52464537687882,0.37925833664561437,0.9877908247473423,0.6133333333333333,0.00678030386496783,0.005,0.7783810233257193,congested,congested_010
1.121651224756185,5.131593080854954,0.0,0.19370441654766168,0.3005391304901582,0.6729907348537106,123.72675745274465,7.483307628479261,0.5666666666666667,0.23,0.23833333333333334,0.10666666666666667,220.72203066921435,1.2995099117735827,-2.7714706186609686,83.26696154291619,0.9939627060284094,-0.0001883555440237046,0.005183763750685071,0.8315123637566145,congested,25.891591961176253,clear,1.112148998617893,-0.004803162352454473,1.4378341087482656,0.4401186391731912,0.5692047377326565,340.0,138.0,219.25006996232696,0.4996017692574971,1.2059812587420233,0.6433333333333333,0.006214596625508436,0.0,0.7689118893509276,congested,congested_011
1.0207304179009107,4.898990726509314,0.0,0.1992886490504066,0.31784175760964284,0.6124382507405463,124.75146722200063,8.578115986491092,0.5933333333333334,0.205,0.22333333333333333,0.095,220.7226172627169,1.1427478703083025,1.5612138003821887,76.40257048751012,0.9946586974135442,0.00010609721573175676,0.004645416753274595,0.823134103935867,congested,27.904413459419004,clear,1.0043374334470812,-0.005793602109228255,1.3720134934839205,0.4464175725152479,0.5947546531302876,356.0,123.0,223.4265789334074,0.4584154229250607,1.188535407228212,0.6416666666666667,0.0060826254290424235,0.006666666666666667,0.7588164468348934,congested,congested_012
1.275706164806428,5.656415789628697,0.0,0.23621530975042243,0.3354854276285734,0.765423698883857,130.42600157313453,11.315628913740884,0.4866666666666667,0.25833333333333336,0.2683333333333333,0.07166666666666667,220.72234900616274,1.430425281282445,0.06364480599999524,99.83115268516639,0.9935297759735013,4.332556586712245e-06,0.004901230875601115,0.9440411394386738,congested,22.715600403137454,clear,1.2661279923311908,-0.0024881597659452714,1.4258530343796363,0.48601986559236693,0.4913705583756345,292.0,155.0,222.21641909344518,0.5989869161109983,1.3617777828349305,0.69,0.005741120548793283,0.013333333333333334,0.7487913977284677,congested,congested_013
0.8955282807685361,4.848714819131889,0.0,0.17251959034620987,0.29632319495483483,0.5373169684611215,122.15862711812596,8.231432144881035,0.5883333333333334,0.23,0.21833333333333332,0.08666666666666667,220.72214040814012,0.883503106964653,-1.9652264738922058,65.63790331664262,0.9958510361820442,-0.00013356189287402873,0.005088679559565998,0.8084673542489267,congested,27.909097284053797,rainy,0.8889882818594995,-0.0023938059180180896,1.2078612779049698,0.41535477648175645,0.5888324873096447,353.0,138.0,219.64041704121254,0.3938274198998557,0.9960414616438098,0.6433333333333333,0.006314843106153992,0.0016666666666666668,0.7714125643141339,congested,congested_014
0.9757331590042577,5.112562691017651,0.0,0.1838397343885594,0.3024803665748066,0.5854398954025548,122.2158037400466,8.200785610327193,0.5633333333333334,0.23833333333333334,0.25333333333333335,0.09833333333333333,220.72213272465433,1.0666031899687187,-1.9116075053101569,71.55000748032785,0.9949342217546441,-0.00012992075541842907,0.0050956160298036915,0.8324718621547291,congested,30.69302183880838,rainy,0.9596652996134413,-0.0048217785239757106,1.3331919807793238,0.42876536052782926,0.5653130287648055,338.0,143.0,219.87712840931286,0.4293000448819671,1.1392692624364842,0.635,0.006282050832665617,0.006666666666666667,0.7677658916500574,congested,congested_015
0.8292224102648041,4.9524733190537775,0.0,0.16112704416287565,0.2843907003144276,0.4975334461588822,126.17222610118705,7.961020192488009,0.63,0.22166666666666668,0.225,0.095,220.7220647600034,0.8359920877685878,5.668799704034691,62.77490258783349,0.9962215201292685,0.0003852523218610683,0.005142907669129906,0.8412077612379082,congested,25.08166742223581,rainy,0.8244338872193276,-0.003168460876269488,1.2048686404731286,0.40140633298800316,0.6331641285956008,378.0,133.0,227.22685655180666,0.37664941552700093,0.9926227667621005,0.6083333333333333,0.006170766058600535,0.0033333333333333335,0.7785792903632776,congested,congested_016
1.2036835816816585,5.027106720476372,0.0,0.22324452436371453,0.31610160331384035,0.7222101490089956,125.45280458821243,7.635815641470532,0.5066666666666667,0.2683333333333333,0.25333333333333335,0.105,220.72203992273333,1.34411646627759,4.25144353967274,90.6032888207021,0.9939293053832384,0.00028892734095523477,0.00517103875971198,0.8938153418880972,congested,26.467800687908166,clear,1.1948219323862581,-0.0004226268000183797,1.4109440725279827,0.47248759175634925,0.5091370558375634,304.0,161.0,226.31759992868368,0.5436197329242126,1.157539884954729,0.675,0.006056618336887872,0.005,0.7598197566829784,congested,congested_017
1.0764004333392438,5.1178942209970515,0.0,0.2095214033031975,0.3213295022825761,0.6458402600035463,135.61658756717623,7.632237446236381,0.5483333333333333,0.25833333333333336,0.25,0.07833333333333334,220.72192325352486,1.1783560455290005,-2.419945326761582,87.58665231079539,0.9946675540360835,-0.00016446166889595823,0.005277600649948246,0.9256185011900507,congested,25.95926520371056,clear,1.0500297614650367,0.0014102584304473513,1.3626428942236117,0.4577350798258721,0.55668358714044,329.0,155.0,219.48033397229227,0.5255199138647724,1.2261122010539767,0.6833333333333333,0.005580537820510883,0.006666666666666667,0.756813496007253,congested,congested_018
1.2011906059699935,5.064903139490452,0.0,0.24716369502398006,0.32499664878426715,0.720714363581997,130.7683275014075,9.401707084109889,0.5266666666666666,0.23166666666666666,0.24666666666666667,0.09,220.7221680246851,1.4105667403434805,2.7781988877269987,94.24661206262739,0.9935976077663363,0.00018881172872327792,0.005062258623036931,0.9986569828887308,congested,23.123190198809706,cloudy,1.1734643777181668,-0.00101534009766393,1.4720074293790257,0.49715560443786616,0.5341793570219967,316.0,139.0,224.91093365275557,0.5654796723757644,1.342990804369725,0.6333333333333333,0.005771419612089373,0.008333333333333333,0.7547188899817494,congested,congested_019
24.235841107122322,30.69521729436598,16.666666666666668,1.8298623412939885,1.175258913687199,14.541504664273393,297.19322489621186,160.115958464538,0.0,0.44666666666666666,0.4683333333333333,0.051666666666666666,220.69930795320198,231.16095593610962,14.348564425350796,4321.63666631591,0.48910980264536985,0.0009756721912801649,0.01523073645634173,0.14638828636064327,highway,16.69101684264569,clear,24.231401158367067,-0.0038876192770463257,2.041788379700774,1.3527240447681812,0.0,0.0,268.0,466.20882831466247,25.929819997895454,33.265228451197395,1.0,0.0015468568983240736,0.14166666666666666,0.45971539006588313,highway,highway_000
27.439140168134713,33.333333333333336,21.77604901408474,1.9867418320820562,1.2265699448375953,16.463484100880848,321.37865622048304,202.1854450298785,0.0,0.48,0.43166666666666664,0.04666666666666667,220.69875281964585,296.1428637850858,0.6800997090652764,5291.012397369753,0.44256856901098285,4.6160022361467006e-05,0.015425903770564376,0.3024852464799047,highway,20.301450931060835,clear,27.45093951573524,0.0026990202631658224,2.2199796372347667,1.4095182978883447,0.0,0.0,288.0,517.5217163137969,31.746074384218513,38.127491020852595,0.9983333333333333,0.0013974833008406301,0.15166666666666667,0.44912130531472677,highway,highway_001
26.141910344072986,32.63570030913864,19.868687357314016,2.0041529837470518,1.2293112113014653,15.685146206443783,311.3908499562299,236.77276278677527,0.0,0.43,0.44166666666666665,0.055,220.70061437523418,268.62170503984106,-3.152388675164446,4884.211009223655,0.4436610380449767,-0.00021426874912251263,0.014866794301573682,0.22030492637453214,highway,18.324683608330325,clear,26.143832464713196,-0.0015466672658197025,2.0020299562932253,1.4156811024192744,0.0,0.0,258.0,486.16993073991085,29.305266055341935,37.76439827563922,0.995,0.0014405338004857555,0.14666666666666667,0.4485690445239375,highway,highway_002
23.498314586941184,30.897613080926586,17.250139588819085,1.8574693184013658,1.1931131018509225,14.098988752164717,293.53936567033173,200.00050541199104,0.0,0.43833333333333335,0.455,0.058333333333333334,220.6994487955087,217.41061233926922,-12.161045542041654,4138.608215197112,0.4892555736350406,-0.000826484893777876,0.015197229138038204,0.3537428273917035,highway,22.367736631165336,clear,23.48681948996046,-0.000660187130043872,2.046151966882647,1.3628900610105592,0.0,0.0,263.0,425.9490155927363,24.83164929118267,32.45068124232945,0.9983333333333333,0.0015533617940154587,0.13,0.4559728356718263,highway,highway_003
22.207155305376006,28.133187199354918,16.666666666666668,1.7959004477877705,1.1720215346598337,13.324293183225597,285.0114932748795,177.89657578787697,0.0,0.425,0.445,0.07333333333333333,220.69966457369208,194.43975265257941,-2.16345375918975,3797.5766972684364,0.5369581724643201,-0.00014697458124566688,0.015154489401375567,0.25524636768299624,highway,21.815885214531704,clear,22.249239917105342,0.006166927026897011,2.1016544314993033,1.3401121026943121,0.0,0.0,255.0,412.9759634670818,22.78546018361062,30.082460882233633,0.9983333333333333,0.0016153755293457795,0.13,0.4604005918185396,highway,highway_004
27.4125584579469,33.1806123198458,20.509835435389014,1.817161081097065,1.1576539135889172,16.447535074768155,303.6585118853081,166.64288124308047,0.0,0.425,0.44333333333333336,0.05,220.70114272224367,295.1949315411854,6.698282706028822,4994.434025289166,0.4261544165625173,0.0004553426637116091,0.014699333843804147,0.2978960682322853,highway,22.89803353395454,clear,27.401429926144896,0.0011531814800852308,1.9901222322153065,1.3480211723474766,0.0,0.0,255.0,522.5943569694579,29.966604151734995,37.68633624853141,0.995,0.001526274875638971,0.12666666666666668,0.46346635746446363,highway,highway_005
25.413648422268118,33.333333333333336,19.2775211188518,2.1497329295444265,1.2825007731551052,15.24818905336087,317.74160478836575,213.16050374623543,0.0,0.445,0.435,0.06333333333333334,220.70128574617294,254.26657163986087,2.03128169298337,4844.984060249016,0.4801489633592583,0.0001379165272040897,0.01466158616949472,0.35037990961241394,highway,24.084310279349133,cloudy,25.41728643058598,0.0032305764101742264,2.195230967889654,1.4661967567637115,0.0,0.0,267.0,476.99913907901714,29.069904361494096,37.25265020980068,0.9983333333333333,0.0013788435186344338,0.13833333333333334,0.4381159523629419,highway,highway_006
24.485195770781853,29.69607809215816,18.472938516385753,1.837624166388408,1.1683449263197332,14.691117462469107,294.6191241305711,175.071685894882,0.0,0.4483333333333333,0.435,0.065,220.69914083429708,235.74976672428005,1.6371234799676897,4328.284159586606,0.4879448913063352,0.00011112649443470935,0.015310659355753873,0.3273710917345186,highway,15.606348115870404,clear,24.489912770961816,0.0012753751093248966,1.93982689649354,1.355589969861244,0.0,0.0,269.0,458.0860310385448,25.96970495751963,32.9142541504108,0.9966666666666667,0.0015653472614839375,0.12333333333333334,0.4611812391385858,highway,highway_007
26.31311441124518,33.1951998865178,20.416123260948773,2.075684106182178,1.2382663394243585,15.787868646747107,317.92363487940884,170.3495583640116,0.0,0.435,0.46166666666666667,0.05,220.6986554497498,272.2215973687924,11.41893556126127,5019.3365874904175,0.46084269420320445,0.0007763090316541416,0.015435503946645245,0.29819734357361555,highway,21.87456209270362,clear,26.316549292354747,0.004637947027062455,2.0590767947115136,1.4407234662426298,0.0,0.0,261.0,504.3391883798035,30.116019524942505,38.629231344796096,0.9966666666666667,0.0014052882703052161,0.17833333333333334,0.4467743549488315,highway,highway_008
24.109098956046072,32.59414127513344,18.443036815154365,1.8725163943123118,1.1768658370640364,14.465459373627654,296.586278940396,231.1932258111916,0.0,0.435,0.46,0.045,220.700884848142,229.06474537631757,-2.8325791246166268,4290.256769084284,0.4923521762972958,-0.00019243882304820117,0.0147843728361912,0.16801086561917739,highway,15.53498190646492,cloudy,24.13635827467844,-0.0017021343923747678,2.2208111850202785,1.368399208678634,0.0,0.0,261.0,446.933051099843,25.74154061450571,34.40981848349997,1.0,0.001548878248983331,0.13333333333333333,0.4593760363976824,highway,highway_009
27.10034461048834,33.333333333333336,21.286291081625148,1.9176695441674572,1.1734778034250386,16.260206766293,308.2821988975889,197.5615460354961,0.0,0.435,0.45,0.06166666666666667,220.69830983131692,288.6659167212771,8.707082996388056,5012.7322967505415,0.4557866493359879,0.0005920787644181203,0.015544200002626888,0.39298374772513855,highway,15.461973213061441,cloudy,27.089769212035446,0.000351054095814611,2.066980305271102,1.384799459910155,0.0,0.0,261.0,518.0713095489822,30.07639378050325,38.178819917172305,0.9983333333333333,0.0014924381520664283,0.14333333333333334,0.46009211523769267,highway,highway_010
25.35686830777781,30.71518268865126,17.094099101435866,1.8089162085870365,1.1455365094934729,15.214120984666689,296.49841027952704,187.7655224431968,0.0,0.45166666666666666,0.44,0.051666666666666666,220.70075970755838,252.75463869455808,7.13344308948546,4510.962686050564,0.4589931749059968,0.00048481392502687526,0.014816091255286021,0.132269067687297,highway,20.066146690730484,clear,25.36925316452738,-0.0003014573967212528,1.9577364825524566,1.3449595564874939,0.0,0.0,271.0,480.58884149160195,27.065776116303386,33.7691546543046,1.0,0.001571960835823354,0.12166666666666667,0.46608388884330104,highway,highway_011
22.35142430084248,30.80601906847075,16.666666666666668,2.0254203591075735,1.2448604961327125,13.410854580505482,306.05838305014896,151.58164487310322,0.0,0.44666666666666666,0.425,0.058333333333333334,220.70018551257604,197.01695182650565,18.323057296461606,4104.50446853625,0.5410446935250468,0.0012456815509879452,0.014946631550251726,0.33108726733321114,highway,17.87256049762211,clear,22.34755442779972,-0.00020133535522925473,2.140940727367398,1.4231726385465586,0.0,0.0,268.0,436.04019463554323,24.6270268112175,30.97918801379384,0.9983333333333333,0.0014554804051536995,0.14333333333333334,0.4454619793625169,highway,highway_012
23.307019456936438,28.676534595505792,17.396852046069174,1.940826186678026,1.215981375329843,13.984211674161877,298.44219578354915,175.1426674416424,0.0,0.45666666666666667,0.43833333333333335,0.045,220.69921384189277,213.73420215000786,-1.0479758995257462,4173.478838637255,0.5053034962646279,-7.130663624569535e-05,0.015289563044993343,0.27487891873635206,highway,21.578066642974175,clear,23.323657448574018,0.0009100746446575153,1.9319350193302218,1.3931353798816632,0.0,0.0,274.0,433.3854400923749,25.04087303182353,32.17352750478486,0.9983333333333333,0.0015120761642245274,0.14333333333333334,0.4512673306431344,highway,highway_013
24.828864349471715,30.850403568523248,16.666666666666668,1.9117480166854477,1.1858258095522667,14.897318609683024,306.2805398127921,155.18717180178865,0.0,0.445,0.43666666666666665,0.065,220.70086346183137,242.9942153587456,0.002846746189050009,4562.758785843151,0.4910944650504183,3.154888375197599e-07,0.014792063433864595,0.25705917412803725,highway,17.56649084115639,clear,24.82682028340696,0.0016205927236952243,2.3138507066122904,1.3826597617221121,0.0,0.0,267.0,463.69792556676606,27.376552715058903,34.172133594243036,0.9983333333333333,0.0014937057282066932,0.13333333333333333,0.45749299675660565,highway,highway_014
25.837113017007223,33.333333333333336,18.83290384213092,2.263009661245724,1.3307371590351282,15.502267810204344,323.5712145800774,235.14865842873135,0.0,0.4583333333333333,0.43,0.06833333333333333,220.7018774172991,262.706921164377,-9.954432766419465,5016.087624417028,0.4527005619587985,-0.0006768598208106198,0.01446243422421109,0.3081204806848594,highway,17.784251467882463,clear,25.831748771810442,-0.0008487494371798917,2.1714411909825153,1.5043303032398583,0.0,0.0,275.0,473.4543658152566,30.096525746502166,37.76401221670641,0.9966666666666667,0.0013259795332015874,0.15833333333333333,0.42904880806636175,highway,highway_015
23.66588061211139,29.21099018724032,16.666666666666668,2.077430417301601,1.2585769968515694,14.199528367266819,311.86746161267985,172.236271399046,0.0,0.455,0.43833333333333335,0.055,220.70034700830078,220.88461051961852,-15.863322488230981,4428.370868308611,0.4874879134665473,-0.0010783938087171303,0.014910577236933115,0.33277531573094177,highway,18.36374870635319,clear,23.668885021281923,-0.00032160865598503113,2.27456429347049,1.4413293923671997,0.0,0.0,273.0,425.72163503968835,26.57022520985166,33.943040982975376,1.0,0.0014196949383535693,0.165,0.4427566566886976,highway,highway_016
24.946111877631655,30.113733252033885,18.073643122664922,2.0496532072866773,1.2346424742124609,14.96766712657898,307.4727434708329,166.80005668530052,0.0,0.43333333333333335,0.46,0.05,220.6975283163961,244.78633972304738,-17.574080241523365,4602.14967507491,0.45326841163471443,-0.0011949733176213702,0.015736532392366137,0.27028137357234444,highway,22.600469503462264,clear,24.948280572823812,0.0004127424564288723,2.0258305665984233,1.4316609959367745,0.0,0.0,260.0,447.9097877979201,27.612898050449463,36.11854462122677,0.9983333333333333,0.001455409910403177,0.17333333333333334,0.4474988780263039,highway,highway_017
25.537019498869093,31.390774487697946,19.48086436810403,2.388487533854507,1.3734594297744227,15.322211699321452,325.8808738373585,200.6555418475054,0.0,0.43833333333333335,0.45,0.05333333333333334,220.7020251903426,256.49519581849887,-4.729057157302213,4993.215738021753,0.46325114837382386,-0.0003211502405096833,0.014428159334627025,0.27755043308605426,highway,21.21123735254151,clear,25.529268707945608,0.002778798639738636,2.058224516171065,1.545473239449492,0.0,0.0,263.0,472.46816385153915,29.959294428130516,38.70617781109277,0.9966666666666667,0.0012928832685960817,0.16666666666666666,0.4213259293397914,highway,highway_018
24.40497147170015,30.444067269135225,18.242250565571844,2.1754600719887094,1.3042294087421216,14.64298288302009,320.87834575015944,197.7305249593514,0.0,0.46166666666666667,0.42333333333333334,0.055,220.69782759835235,234.41585992919883,-11.926648440085769,4698.616124672266,0.47543088357735197,-0.0008104883029671315,0.015674417600545543,0.1185658697124429,highway,24.59361427666818,cloudy,24.401947796275746,0.00010155638430377992,2.066789097214138,1.4749440911399692,0.0,0.0,277.0,443.1870390874654,28.191696748033596,34.837241139269956,0.9966666666666667,0.0013524894147072168,0.16166666666666665,0.4339845660358531,highway,highway_019
